Min,Likely,Max
0.6400000000000001,0.8,0.96
0.48,0.6,0.72
0.4,0.5,0.6
0.7200000000000001,0.9,1.08
0.24,0.3,0.36
